Subject,CDR3.AminoAcid,CountSum,FreqY3D7,CountY3D7,FreqY2D7,CountY2D7,FreqY1D7,CountY1D7
999,CASGLLRLAGLETQYF,3,0.04076641,1,0.02351281,1,0.04387889,1
999,CASSEWGTSGKNEQFF,3,0.04076641,1,0.02351281,1,0.04387889,1
999,CASSFSGIDTQYF,3,0.04076641,1,0.02351281,1,0.04387889,1
999,CATSDLGGASYNEQFF,3,0.04076641,1,0.02351281,1,0.04387889,1
999,CSAEAPSGRTDTQYF,3,0.04076641,1,0.02351281,1,0.04387889,1
999,CSVRTSGRQGGREQFF,3,0.04076641,1,0.02351281,1,0.04387889,1
999,CAISADRGSRDTDTQYF,4,0.04076641,1,0.02351281,1,0.08775779,2
999,CASSESAGVYSPLHF,4,0.04076641,1,0.02351281,1,0.08775779,2
999,CASSNLPGEGETQYF,4,0.04076641,1,0.02351281,1,0.08775779,2
999,CASSPLGTSVAKNIQYF,4,0.04076641,1,0.02351281,1,0.08775779,2
999,CASSQEPGPYEQYF,4,0.04076641,1,0.04702563,2,0.04387889,1
999,CATSDFRQGKHEQYF,4,0.04076641,1,0.04702563,2,0.04387889,1
999,CAVYEENSGNTIYF,4,0.04076641,1,0.04702563,2,0.04387889,1
999,CSASDPRVSSYNEQFF,4,0.04076641,1,0.04702562,2,0.04387889,1
999,CASSLRAGQGISTDF,5,0.04076641,1,0.02351281,1,0.13163668,3
999,CASSLVALTDTQYF,5,0.04076641,1,0.04702563,2,0.08775779,2
999,CASSPPGGADTQYF,5,0.12229923,3,0.02351281,1,0.04387889,1
999,CASSQPSGGPGELFF,5,0.08153282,2,0.02351281,1,0.08775779,2
999,CASSSDRSDQPQHF,5,0.04076641,1,0.04702563,2,0.08775779,2
999,CASSYSRVRGYGYTF,5,0.04076641,1,0.07053844,3,0.04387889,1
999,CATSRETVTEAFF,5,0.04076641,1,0.07053844,3,0.04387889,1
999,CAWSGTGGKQYF,5,0.04076641,1,0.07053844,3,0.04387889,1
999,CSARDGTGEWDTQYF,5,0.04076641,1,0.04702563,2,0.08775779,2
999,CARQGSTEAFF,6,0.04076641,1,0.07053844,3,0.08775779,2
999,CASRGGHTKNTEAFF,6,0.04076641,1,0.02351281,1,0.17551558,4
999,CASSEQGADSPLHF,6,0.12229923,3,0.02351281,1,0.08775779,2
999,CASSETPGTAEKLFF,6,0.08153282,2,0.07053844,3,0.04387889,1
999,CASSLRIYTEAFF,6,0.08153282,2,0.07053844,3,0.04387889,1
999,CASSQGGGLNTEAFF,6,0.04076641,1,0.07053844,3,0.08775779,2
999,CASSQQGFTSTDTQYF,6,0.08153282,2,0.07053844,3,0.04387889,1
999,CASSVGLPDGSDTQYF,6,0.04076641,1,0.09405126,4,0.04387889,1
999,CAWAPVGGARETQYF,6,0.04076641,1,0.07053844,3,0.08775779,2
999,CAWRAGFTPKDTQYF,6,0.08153282,2,0.04702563,2,0.08775779,2
999,CSARDSAGRSDTQYF,6,0.04076641,1,0.04702563,2,0.13163668,3
999,CASSFDRGNTIYF,7,0.04076641,1,0.11756407,5,0.04387889,1
999,CASSLAGQVGSYEQYF,7,0.08153282,2,0.07053844,3,0.08775779,2
999,CASSLNPLSGTGNEKLFF,7,0.04076641,1,0.02351281,1,0.21939447,5
999,CASSLSGRGPWAEAFF,7,0.08153282,2,0.09405126,4,0.04387889,1
999,CASSQDWAANEKLFF,7,0.08153282,2,0.09405126,4,0.04387889,1
999,CASSYSGIDEQFF,7,0.04076641,1,0.09405125,4,0.08775778,2
999,CAWSRSPEFYEQYF,7,0.08153282,2,0.09405126,4,0.04387889,1
999,CSARDQRRSSYNEQFF,7,0.04076641,1,0.07053844,3,0.13163668,3
999,CASRPPGQGPYTEAFF,8,0.08153282,2,0.04702563,2,0.17551558,4
999,CASRRGRENYNEQFF,8,0.04076641,1,0.14107689,6,0.04387889,1
999,CASRTIGTSNEKLFF,8,0.04076641,1,0.11756407,5,0.08775779,2
999,CASSLAGDTQYF,8,0.12229923,3,0.07053844,3,0.08775779,2
999,CASSLSAQGRNTIYF,8,0.04076641,1,0.14107689,6,0.04387889,1
999,CASSRGTGDNEQYF,8,0.12229923,3,0.09405126,4,0.04387889,1
999,CASSSSGGTTEAFF,8,0.08153282,2,0.07053844,3,0.13163668,3
999,CASSYGQPGSYEQYF,8,0.08153282,2,0.09405126,4,0.08775779,2
999,CAWGVGGRSYEQYF,8,0.04076641,1,0.11756407,5,0.08775779,2
999,CASNYGRGAGANVLTF,9,0.08153282,2,0.14107689,6,0.04387889,1
999,CASSFGQEFGADTQYF,9,0.08153282,2,0.04702563,2,0.21939447,5
999,CASSPPAGTSGRVHEQYF,9,0.04076641,1,0.1645897,7,0.04387889,1
999,CASSPSHTDTQYF,9,0.04076641,1,0.04702563,2,0.26327337,6
999,CASSQEPNAGELFF,9,0.08153282,2,0.14107689,6,0.04387889,1
999,CAWSDLGRGELFF,9,0.04076641,1,0.1645897,7,0.04387889,1
999,CASETSGASTDTQYF,10,0.08153282,2,0.11756407,5,0.13163668,3
999,CASSAGTNVIFNYGYTF,10,0.08153282,2,0.09405126,4,0.17551558,4
999,CASSFAGHPNYGYTF,10,0.04076641,1,0.1645897,7,0.08775779,2
999,CASSLDRVDQPQHF,10,0.20383204,5,0.07053844,3,0.08775779,2
999,CASSQTQTNTEAFF,10,0.08153282,2,0.09405126,4,0.17551558,4
999,CATSDFSGAGGELFF,10,0.04076641,1,0.1645897,7,0.08775779,2
999,CSARDSSGRADTQYF,10,0.04076641,1,0.07053844,3,0.26327337,6
999,CASRGDSLNTEAFF,11,0.04076641,1,0.07053844,3,0.30715225,7
999,CASSILGSGELFF,11,0.08153282,2,0.09405125,4,0.21939447,5
999,CASSLGQGTGVYEQYF,11,0.04076641,1,0.18810252,8,0.08775779,2
999,CASSLLQGLNEKLFF,11,0.04076641,1,0.18810252,8,0.08775779,2
999,CASSQTGGNSPLHF,11,0.08153282,2,0.11756407,5,0.17551558,4
999,CASSWTGGITEAFF,11,0.08153282,2,0.11756407,5,0.17551557,4
999,CAWSRLVNEKLFF,11,0.24459845,6,0.09405126,4,0.04387889,1
999,CSAANPGESSYNEQFF,11,0.04076641,1,0.18810252,8,0.08775779,2
999,CASGGTGPSYEQYF,12,0.16306564,4,0.07053844,3,0.21939447,5
999,CASKEGEGQPQHF,12,0.12229923,3,0.1645897,7,0.08775779,2
999,CASKGGEGGTQYF,12,0.20383204,5,0.14107689,6,0.04387889,1
999,CASSIDLSLTPAYF,12,0.16306563,4,0.14107689,6,0.08775779,2
999,CASSLLGPSNQPQHF,12,0.08153282,2,0.14107689,6,0.17551558,4
999,CASSLSGVKAFF,12,0.16306563,4,0.14107688,6,0.08775779,2
999,CASSQGYGTAGGTGELFF,12,0.20383204,5,0.07053844,3,0.17551558,4
999,CASSQVGGWDTEAFF,12,0.04076641,1,0.21161533,9,0.08775779,2
999,CASSVGGGFYNEQFF,12,0.08153282,2,0.14107689,6,0.17551558,4
999,CAWSGVAKNIQYF,12,0.12229923,3,0.14107689,6,0.13163668,3
999,CSASSLLTYEQYF,12,0.08153282,2,0.21161533,9,0.04387889,1
999,CASSLGQGGGNEQFF,13,0.04076641,1,0.21161533,9,0.13163668,3
999,CASSQVANNYGYTF,13,0.08153282,2,0.14107689,6,0.21939447,5
999,CASSTAGQMLNTEAFF,13,0.08153282,2,0.1645897,7,0.17551558,4
999,CAWSWGNSPLHF,13,0.08153282,2,0.04702563,2,0.39491005,9
999,CASRPDRGNSPLHF,14,0.12229923,3,0.14107688,6,0.21939447,5
999,CASSKVTGRTDTQYF,14,0.08153282,2,0.14107689,6,0.26327337,6
999,CASSQDVGGPDTGELFF,14,0.04076641,1,0.25864096,11,0.08775779,2
999,CASSWTHSRTTEAFF,14,0.12229923,3,0.18810251,8,0.13163668,3
999,CASSYSGVDTQYF,14,0.04076641,1,0.09405125,4,0.39491004,9
999,CASRSTGVYGYTF,15,0.24459845,6,0.14107689,6,0.13163668,3
999,CASSHPSGGYEQYF,15,0.04076641,1,0.21161533,9,0.21939447,5
999,CASSLERRGDSPLHF,15,0.04076641,1,0.23512814,10,0.17551558,4
999,CASSNYGGQGTSYEQYF,15,0.12229923,3,0.18810252,8,0.17551558,4
999,CASSRHGQLAKNIQYF,15,0.12229923,3,0.23512814,10,0.08775779,2
999,CASTGDTGYGYTF,15,0.20383204,5,0.11756406,5,0.21939447,5
999,CASSESRESRNEQFF,16,0.04076641,1,0.30566659,13,0.08775779,2
999,CASSLSSGGRNTIYF,16,0.08153282,2,0.18810252,8,0.26327337,6
999,CASSVEAGYETQYF,16,0.20383204,5,0.18810251,8,0.13163668,3
999,CSANDPGQINYGYTF,16,0.16306563,4,0.21161533,9,0.13163668,3
999,CASSFSSGLEWYF,17,0.08153282,2,0.30566658,13,0.08775779,2
999,CASSKRTGGSTEAFF,17,0.08153282,2,0.21161533,9,0.26327337,6
999,CASSSRRELGDGYTF,17,0.08153282,2,0.30566658,13,0.08775779,2
999,CASKHGNTIYF,18,0.08153282,2,0.25864096,11,0.21939447,5
999,CASSDVWGSPLHF,18,0.04076641,1,0.28215376,12,0.21939447,5
999,CASSLVRDQNSPLHF,18,0.20383204,5,0.11756407,5,0.35103115,8
999,CASSQDFAAGNTGELFF,18,0.16306563,4,0.28215377,12,0.08775779,2
999,CASSYMSGYTF,18,0.20383204,5,0.04702563,2,0.48266784,11
999,CASSPGGGNYGYTF,19,0.20383204,5,0.14107689,6,0.35103115,8
999,CAWSRTGGRGYTF,19,0.12229923,3,0.28215377,12,0.17551558,4
999,CASSLDAGGYEQYF,20,0.04076641,1,0.37620503,16,0.13163668,3
999,CASSTGTGYYEQYF,20,0.16306564,4,0.23512814,10,0.26327337,6
999,CASSVSIGQPQHF,20,0.08153282,2,0.35269222,15,0.13163668,3
999,CASSLGLRDSLSYGYTF,21,0.08153282,2,0.23512814,10,0.39491004,9
999,CASSSQFEQYF,21,0.04076641,1,0.32917938,14,0.26327336,6
999,CASLTSGQGVYEQYF,22,0.08153282,2,0.3291794,14,0.26327337,6
999,CASRPGTANTGELFF,23,0.12229923,3,0.44674347,19,0.04387889,1
999,CAWSARTGVREKLFF,24,0.08153282,2,0.35269222,15,0.30715226,7
999,CATSDLGGTSYNEQFF,26,0.16306563,4,0.37620503,16,0.26327337,6
999,CASSYSAGINYGYTF,29,0.08153282,2,0.47025629,20,0.30715225,7
999,CSARDRSDTDNSPLHF,29,0.28536486,7,0.18810252,8,0.61430452,14
999,CASSMRTGGGSEAFF,30,0.04076641,1,0.54079473,23,0.26327337,6
999,CASSYDWTGGYEQYF,30,0.04076641,1,0.11756407,5,1.05309345,24
999,CASSYSGLDTQYF,31,0.12229923,3,0.49376907,21,0.30715225,7
999,CASSFSPNTGELFF,34,0.08153282,2,0.30566658,13,0.83369899,19
999,CATSDAGTGGYEQYF,35,0.08153282,2,0.37620503,16,0.7459412,17
999,CASSLDRSDQPQHF,43,0.16306563,4,0.14107689,6,1.44800351,33
999,CASSQGGAGGYTF,56,0.20383204,5,0.65835881,28,1.00921456,23
999,CSAPDAGRGETQYF,64,0.04076641,1,0.56430755,24,1.71127687,39
101,CSLLTGQNEQYF,11,0.08438819,1,0.00239425,4,0.00472073,6
101,CSVVTGVAETQYF,37,0.08438819,1,0.009577,16,0.01573577,20
101,CASSVAHQETQYF,83,0.16877638,2,0.01855543,31,0.03933941,50
101,CSAERTGTGSGQPQHF,106,0.08438819,1,0.01795687,30,0.05900912,75
101,CASSPSGGGQETQYF,112,0.08438819,1,0.03591374,60,0.0401262,51
101,CASSLRTFQETQYF,131,0.08438819,1,0.00718275,12,0.09284101,118
101,CASSLGAGAYNEQFF,163,0.33755274,4,0.06165191,103,0.04406014,56
101,CASNDRSGSAYEQYF,171,0.08438819,1,0.06284904,105,0.05114124,65
101,CASSPHGDRETQYF,355,0.08438819,1,0.13467651,225,0.10149568,129
101,CASSQSLGQGGRGYTF,366,0.08438819,1,0.11312827,189,0.13847473,176
101,CASTVAGGQQYF,421,0.08438819,1,0.13407794,224,0.1542105,196
101,CASSPGTSGRALL,450,0.16877637,2,0.22625653,378,0.05507518,70
106,CAGSQGAYNSPLHF,2,0.03434066,1,0.0698812,1,NA,NA
106,CAITRGGMNTEAFF,2,0.03434066,1,0.0698812,1,NA,NA
106,CASRGQNNYGYTF,2,0.03434066,1,0.0698812,1,NA,NA
106,CASSLWQGIANEKLFF,2,0.03434066,1,0.0698812,1,NA,NA
106,CASSPGRQNTEAFF,2,0.03434066,1,0.0698812,1,NA,NA
106,CASSPRYSGGANEQFF,2,0.03434066,1,0.0698812,1,NA,NA
106,CASTHYSGGTQYF,2,0.03434066,1,0.0698812,1,NA,NA
106,CATRGMSGGYQETQYF,2,0.03434066,1,0.0698812,1,NA,NA
106,CATSTVRARKETQYF,2,0.03434066,1,0.0698812,1,NA,NA
106,CAWSLTDNEQFF,2,0.03434066,1,0.0698812,1,NA,NA
106,CAWSPTGGAQETQYF,2,0.03434066,1,0.0698812,1,NA,NA
106,CSARAAEGGQGYGYTF,2,0.03434066,1,0.0698812,1,NA,NA
106,CSARDKSFGAEQFF,2,0.03434066,1,0.0698812,1,NA,NA
106,CSATPSLWGNNEQFF,2,0.03434066,1,0.0698812,1,NA,NA
106,CSGWARGGLETQYF,2,0.03434066,1,0.0698812,1,NA,NA
106,RASSFPRDYPYNEQFF,2,0.03434066,1,0.0698812,1,NA,NA
106,CAIGGSTGAPAYEQYF,3,0.03434066,1,0.1397624,2,NA,NA
106,CAISGGYEQYF,3,0.06868132,2,0.0698812,1,NA,NA
106,CAISGTLQAYEQYF,3,0.03434066,1,0.1397624,2,NA,NA
106,CANRRGAVYNEQFF,3,0.03434066,1,0.1397624,2,NA,NA
106,CASGGFSGGARETQYF,3,0.06868132,2,0.0698812,1,NA,NA
106,CASRSPDSGDQETQYF,3,0.06868132,2,0.0698812,1,NA,NA
106,CASSFQAEETQYF,3,0.03434066,1,0.1397624,2,NA,NA
106,CASSHRGAGPSGNTIYF,3,0.06868132,2,0.0698812,1,NA,NA
106,CASSLARAGYTF,3,0.06868132,2,0.0698812,1,NA,NA
106,CASSLSTLRWETQYF,3,0.06868132,2,0.0698812,1,NA,NA
106,CASSPDDRDTEAFF,3,0.03434066,1,0.1397624,2,NA,NA
106,CAWSWTGAMNTEAFF,3,0.06868132,2,0.0698812,1,NA,NA
106,CSANRGNEKLFF,3,0.03434066,1,0.1397624,2,NA,NA
106,CSVFNPALNTEAFF,3,0.06868132,2,0.0698812,1,NA,NA
106,CAGGQNYGYTF,4,0.10302198,3,0.0698812,1,NA,NA
106,CAISEGQGARGYTF,4,0.03434066,1,0.20964361,3,NA,NA
106,CASSGQVNTGELFF,4,0.10302198,3,0.0698812,1,NA,NA
106,CASSQAGTGQYEQYF,4,0.06868132,2,0.1397624,2,NA,NA
106,CASSQVAANEQFF,4,0.10302198,3,0.0698812,1,NA,NA
106,CATRDNYYNEQFF,4,0.06868132,2,0.1397624,2,NA,NA
106,CATSRDRWGGYTF,4,0.06868132,2,0.1397624,2,NA,NA
106,CAWSLTGGLQNIQYF,4,0.03434066,1,0.20964361,3,NA,NA
106,CASSFDGPSPLHF,5,0.10302198,3,0.1397624,2,NA,NA
106,CASSFMKTQYF,5,0.10302198,3,0.1397624,2,NA,NA
106,CASSPGSYEQYF,5,0.13736264,4,0.0698812,1,NA,NA
106,CASRGQYNSPLHF,6,0.10302198,3,0.2096436,3,NA,NA
106,CASSLGGSQPQHF,6,0.13736264,4,0.1397624,2,NA,NA
106,CAWSLDGPSPLHF,6,0.1717033,5,0.0698812,1,NA,NA
106,CASSFGGNTEAFF,7,0.20604396,6,0.0698812,1,NA,NA
106,CASKDANSPLHF,8,0.13736264,4,0.27952481,4,NA,NA
106,CASSAGTGDEKLFF,9,0.20604396,6,0.2096436,3,NA,NA
106,CASIPSGLDYEQYF,16,0.51510989,15,0.0698812,1,NA,NA
106,CASKGAGGENQPQHF,25,0.78983517,23,0.1397624,2,NA,NA
108,CAARESSTEAFF,2,0.04589261,1,0.06609385,1,NA,NA
108,CAISTGGLNTEAFF,2,0.04589261,1,0.06609385,1,NA,NA
108,CASRLLAGGRGYGEQFF,2,0.04589261,1,0.06609385,1,NA,NA
108,CASSDRQGPTEAFF,2,0.04589261,1,0.06609385,1,NA,NA
108,CASSGYLSSGANVLTF,2,0.04589261,1,0.06609385,1,NA,NA
108,CASSLGQGSVTDTQYF,2,0.04589261,1,0.06609385,1,NA,NA
108,CASSLPTGYEQYF,2,0.04589261,1,0.06609385,1,NA,NA
108,CASSQERTSGNTIYF,2,0.04589261,1,0.06609385,1,NA,NA
108,CASSSTPYEQYF,2,0.04589261,1,0.06609385,1,NA,NA
108,CASSYGAGGRHAGELFF,2,0.04589261,1,0.06609385,1,NA,NA
108,CASSYRRDRLNEKLFF,2,0.04589261,1,0.06609385,1,NA,NA
108,CASSYWGSRVNYGYTF,2,0.04589261,1,0.06609385,1,NA,NA
108,CASVQQGQGARPQHF,2,0.04589261,1,0.06609385,1,NA,NA
108,CATQDRSGLAEAFF,2,0.04589261,1,0.06609385,1,NA,NA
108,CSANPGLGGNTIYF,2,0.04589261,1,0.06609385,1,NA,NA
108,CSARADGSSGNTIYF,2,0.04589261,1,0.06609385,1,NA,NA
108,CASSATPDSRYNSPLHF,3,0.04589261,1,0.13218771,2,NA,NA
108,CASSDRVKNIQYF,3,0.04589261,1,0.13218771,2,NA,NA
108,CASSFGGSYEQYF,3,0.04589261,1,0.13218771,2,NA,NA
108,CASSFYFAGRDKNIQYF,3,0.04589261,1,0.13218771,2,NA,NA
108,CASSLDPGGAYEQYF,3,0.04589261,1,0.13218771,2,NA,NA
108,CASSLSPGKGGYTF,3,0.09178522,2,0.06609385,1,NA,NA
108,CASSLWTSYEQYF,3,0.04589261,1,0.1321877,2,NA,NA
108,CASSMGQGDGYTF,3,0.04589261,1,0.1321877,2,NA,NA
108,CASSPHTQETQYF,3,0.09178522,2,0.06609385,1,NA,NA
108,CASSQASSGGKDTQYF,3,0.04589261,1,0.13218771,2,NA,NA
108,CASSQDWGRADYGYTF,3,0.09178522,2,0.06609385,1,NA,NA
108,CASSSDRGREGYTF,3,0.09178522,2,0.06609385,1,NA,NA
108,CASSSSDPRNTQYF,3,0.04589261,1,0.13218771,2,NA,NA
108,CASSYRGYTF,3,0.04589261,1,0.13218771,2,NA,NA
108,CASGRTSGGRPHGTQYF,4,0.09178522,2,0.13218771,2,NA,NA
108,CASIDRGGNTEAFF,4,0.09178522,2,0.1321877,2,NA,NA
108,CASNDRSGSTEAFF,4,0.04589261,1,0.19828156,3,NA,NA
108,CASRFQDRGSYEQYF,4,0.09178522,2,0.13218771,2,NA,NA
108,CASRRETGGYGYTF,4,0.09178522,2,0.13218771,2,NA,NA
108,CASSDRDSGANVLTF,4,0.09178522,2,0.13218771,2,NA,NA
108,CASSDRVSGANVLTF,4,0.04589261,1,0.19828156,3,NA,NA
108,CASSERPNQPQHF,4,0.13767783,3,0.06609385,1,NA,NA
108,CASSLDPGGSYEQYF,4,0.04589261,1,0.19828156,3,NA,NA
108,CASSSSPGNEQFF,4,0.04589261,1,0.19828156,3,NA,NA
108,CASSTRGRAYNEQFF,4,0.04589261,1,0.19828156,3,NA,NA
108,CASTDRPNQPQHF,4,0.13767783,3,0.06609385,1,NA,NA
108,CSARVQDRAYEQYF,4,0.09178522,2,0.13218771,2,NA,NA
108,CAISGEGSNQPQHF,5,0.09178522,2,0.19828156,3,NA,NA
108,CASSLNERGPYEQYF,5,0.04589261,1,0.26437541,4,NA,NA
108,CASSLQGVGNQPQHF,5,0.09178522,2,0.19828156,3,NA,NA
108,CASSPRDNQPQHF,5,0.04589261,1,0.26437541,4,NA,NA
108,CASSSSPGNTIYF,5,0.09178522,2,0.19828156,3,NA,NA
108,CATNDRTGGGVYEQYF,5,0.04589261,1,0.26437541,4,NA,NA
108,CSVAGSSGNQPQHF,5,0.04589261,1,0.26437541,4,NA,NA
108,CSVELQGGYGYTF,5,0.04589261,1,0.26437541,4,NA,NA
108,CASRAQEKNYGYTF,6,0.04589261,1,0.33046927,5,NA,NA
108,CASSANRQTEAFF,6,0.04589261,1,0.33046927,5,NA,NA
108,CASSEGRGGAGNTQYF,6,0.09178522,2,0.26437541,4,NA,NA
108,CASSQSGAWYTEAFF,6,0.04589261,1,0.33046926,5,NA,NA
108,CSAIRGGAYAETQYF,6,0.09178522,2,0.26437541,4,NA,NA
108,CASKAGGPNEQFF,7,0.09178522,2,0.33046927,5,NA,NA
108,CASLKSAGMNTEAFF,7,0.13767783,3,0.26437541,4,NA,NA
108,CASNDRGGATEAFF,7,0.04589261,1,0.39656312,6,NA,NA
108,CASRGDRGNQPQHF,7,0.09178522,2,0.33046927,5,NA,NA
108,CASSQGANVLTF,7,0.22946306,5,0.13218771,2,NA,NA
108,CASSTSPGNTIYF,7,0.04589261,1,0.39656312,6,NA,NA
108,CASSYSNQPQHF,7,0.04589261,1,0.39656312,6,NA,NA
108,CASRLDRGDQPQHF,8,0.18357044,4,0.26437541,4,NA,NA
108,CASSDRQGPLGQYF,8,0.09178522,2,0.39656311,6,NA,NA
108,CATQSTETYEQYF,8,0.09178522,2,0.39656312,6,NA,NA
108,CASSEGVGGGLQFF,9,0.04589261,1,0.52875082,8,NA,NA
108,CASSYRESRFTGELFF,9,0.18357045,4,0.33046927,5,NA,NA
108,CASGLVGVQFF,10,0.13767783,3,0.46265697,7,NA,NA
108,CASSEAPGQGGYEQYF,10,0.22946306,5,0.33046927,5,NA,NA
108,CASSQKLTTDSPLHF,10,0.09178522,2,0.52875083,8,NA,NA
108,CASSADRGYYEQYF,11,0.13767783,3,0.52875082,8,NA,NA
108,CASSLDPGGTYEQYF,11,0.09178522,2,0.59484468,9,NA,NA
108,CASSLNRQVEAFF,11,0.18357044,4,0.46265697,7,NA,NA
108,CASSPGQHGVQLFF,11,0.13767783,3,0.52875083,8,NA,NA
108,CASSDPNSPLHF,12,0.18357045,4,0.52875083,8,NA,NA
108,CASSLQGSNQPQHF,13,0.13767783,3,0.66093852,10,NA,NA
108,CSARNLGAGGFGYTF,13,0.04589261,1,0.79312624,12,NA,NA
108,CASSVDSWREQYF,15,0.50481872,11,0.26437541,4,NA,NA
108,CASRQRTGRLGSPLHF,18,0.04589261,1,1.12359551,17,NA,NA
108,CASRDPEVPLHF,24,0.09178522,2,1.45406477,22,NA,NA
108,CASSLDAAYEQYF,26,0.04589261,1,1.65234633,25,NA,NA
108,CSVTQSSGPYEQYF,47,0.04589261,1,3.04031725,46,NA,NA
117,CAISGDRDGEQYF,2,0.04418913,1,0.09920635,1,NA,NA
117,CASRGLGDSGANVLTF,2,0.04418913,1,0.09920635,1,NA,NA
117,CASSITGGITDTQYF,2,0.04418913,1,0.09920635,1,NA,NA
117,CASSKQGATEAFF,2,0.04418913,1,0.09920635,1,NA,NA
117,CASSLLTGANTEAFF,2,0.04418913,1,0.09920635,1,NA,NA
117,CASSLSSRSNTGELFF,2,0.04418913,1,0.09920635,1,NA,NA
117,CASSLWRVSEKLFF,2,0.04418913,1,0.09920635,1,NA,NA
117,CASSPLDSGNTIYF,2,0.04418913,1,0.09920635,1,NA,NA
117,CASSQTGGIYNEQFF,2,0.04418913,1,0.09920635,1,NA,NA
117,CASSTMEGYTIYF,2,0.04418913,1,0.09920635,1,NA,NA
117,CSAYSASVNSPLHF,2,0.04418913,1,0.09920635,1,NA,NA
117,CASGDRGGSTEAFF,3,0.08837826,2,0.09920635,1,NA,NA
117,CASSEAQGVGYEQYF,3,0.08837826,2,0.09920635,1,NA,NA
117,CASSEWGSSNYGYTF,3,0.08837826,2,0.09920635,1,NA,NA
117,CASSTGLGYYEQYF,3,0.08837826,2,0.09920635,1,NA,NA
117,CASSTQRNQPQHF,3,0.04418913,1,0.1984127,2,NA,NA
117,CASSTQSYNSPLHF,3,0.04418913,1,0.1984127,2,NA,NA
117,CASTVLVGGTQYF,3,0.08837826,2,0.09920635,1,NA,NA
117,CASQLGPRASFEQYF,4,0.08837826,2,0.1984127,2,NA,NA
117,CASSPIAAGGSYEQYF,4,0.13256739,3,0.09920635,1,NA,NA
117,CASSSGVGRNTGELFF,4,0.04418913,1,0.29761905,3,NA,NA
117,CASTAWGGLGTDAPDTQYF,4,0.13256739,3,0.09920635,1,NA,NA
117,CASSLAIGTGNGLFF,5,0.13256739,3,0.1984127,2,NA,NA
117,CASSLEVVGQGEQFF,5,0.17675652,4,0.09920635,1,NA,NA
117,CASSQSAAPNYGYTF,5,0.17675652,4,0.09920635,1,NA,NA
117,CASTRTDYEQYF,5,0.17675652,4,0.09920635,1,NA,NA
117,CASSGAGSGAEAFF,6,0.22094565,5,0.09920635,1,NA,NA
117,CSARVDQYSLHF,6,0.22094565,5,0.09920635,1,NA,NA
117,CAISEERDSNQPQHF,7,0.26513478,6,0.09920635,1,NA,NA
117,CASTKVAPPGQYF,8,0.26513478,6,0.1984127,2,NA,NA
117,CASNLLTGNNSPLHF,9,0.30932391,7,0.1984127,2,NA,NA
117,CASHQGGNQPQHF,12,0.39770217,9,0.29761905,3,NA,NA
117,CASSQLSSYEQYF,12,0.4418913,10,0.1984127,2,NA,NA
100,CASREANTEAFF,2,0.03969829,1,0.11111111,1,NA,NA
100,CASSDPTGADTQYF,2,0.03969829,1,0.11111111,1,NA,NA
100,CASSDRSGTGELFF,2,0.03969829,1,0.11111111,1,NA,NA
100,CASSHQTTGSHEQFF,2,0.03969829,1,0.11111111,1,NA,NA
100,CASSINPRNYGYTF,2,0.03969829,1,0.11111111,1,NA,NA
100,CASSLAGQFDYTF,2,0.03969829,1,0.11111111,1,NA,NA
100,CASSLAPGGEQYF,2,0.03969829,1,0.11111111,1,NA,NA
100,CASSLMWGTGQNEQFF,2,0.03969829,1,0.11111111,1,NA,NA
100,CASSLQGKGPYEQYF,2,0.03969829,1,0.11111111,1,NA,NA
100,CASSLSEIYNEQFF,2,0.03969829,1,0.11111111,1,NA,NA
100,CASSMGYSDDTQYF,2,0.03969829,1,0.11111111,1,NA,NA
100,CASSPAAGRYEQYF,2,0.03969829,1,0.11111111,1,NA,NA
100,CASSPRWSTDTQYF,2,0.03969829,1,0.11111111,1,NA,NA
100,CASSQDRASTEAFF,2,0.03969829,1,0.11111111,1,NA,NA
100,CASSRLAGGRVFGEQFF,2,0.03969829,1,0.11111111,1,NA,NA
100,CASSRTGKGGETQYF,2,0.03969829,1,0.11111111,1,NA,NA
100,CAVRLGGMNTEAFF,2,0.03969829,1,0.11111111,1,NA,NA
100,CSARDRASGGSADTQYF,2,0.03969829,1,0.11111111,1,NA,NA
100,CSARGDSSTDTQYF,2,0.03969829,1,0.11111111,1,NA,NA
100,CASSHLNNEQFF,3,0.07939658,2,0.11111111,1,NA,NA
100,CASSKVVAVGDPRNEQFF,3,0.07939659,2,0.11111111,1,NA,NA
100,CASSLAGGNGYTF,3,0.07939659,2,0.11111111,1,NA,NA
100,CASSLNERGPYEQYF,3,0.03969829,1,0.22222222,2,NA,NA
100,CASSLSGGETQYF,3,0.07939659,2,0.11111111,1,NA,NA
100,CASSLSPTGNQPQHF,3,0.07939659,2,0.11111111,1,NA,NA
100,CASSLSSRGRHEQFF,3,0.07939659,2,0.11111111,1,NA,NA
100,CASSLTGFTEAFF,3,0.03969829,1,0.22222222,2,NA,NA
100,CASSPGQGWGEQYF,3,0.07939659,2,0.11111111,1,NA,NA
100,CASSPGRDYNEQFF,3,0.07939659,2,0.11111111,1,NA,NA
100,CASSPHRDRGNEQYF,3,0.07939659,2,0.11111111,1,NA,NA
100,CASSQGQDHYEQYF,3,0.03969829,1,0.22222222,2,NA,NA
100,CASSQLNQPQHF,3,0.07939659,2,0.11111111,1,NA,NA
100,CASSRLAGGEQYF,3,0.03969829,1,0.22222222,2,NA,NA
100,CASSYNRVGAQGTQYF,3,0.03969829,1,0.22222222,2,NA,NA
100,CAWRSGKGNSPLHF,3,0.07939659,2,0.11111111,1,NA,NA
100,CAISAEGNSNQPQHF,4,0.11909488,3,0.11111111,1,NA,NA
100,CASEDRGARHGYTF,4,0.11909488,3,0.11111111,1,NA,NA
100,CASIKTSGGRANTGELFF,4,0.07939659,2,0.22222222,2,NA,NA
100,CASNDRDRGGNEQYF,4,0.11909488,3,0.11111111,1,NA,NA
100,CASSDRDRGLNEQFF,4,0.11909488,3,0.11111111,1,NA,NA
100,CASSDRRSGWYTEAFF,4,0.11909488,3,0.11111111,1,NA,NA
100,CASSLYGTGTSYEQYF,4,0.11909488,3,0.11111111,1,NA,NA
100,CAWSDGKNNSPLHF,4,0.11909488,3,0.11111111,1,NA,NA
100,CSGGGGPPYNEQFF,4,0.07939659,2,0.22222222,2,NA,NA
100,CASREKEGLNQPQHF,5,0.11909488,3,0.22222222,2,NA,NA
100,CASSIGQGGRSYEQYF,5,0.07939659,2,0.33333333,3,NA,NA
100,CASSLASGGRVQETQYF,5,0.07939659,2,0.33333333,3,NA,NA
100,CASSLTASGNTIYF,5,0.15879317,4,0.11111111,1,NA,NA
100,CASSTDRDRLEQYF,5,0.11909488,3,0.22222222,2,NA,NA
100,CASTDSNTEAFF,5,0.15879317,4,0.11111111,1,NA,NA
100,CASTPSSGGRINQPQHF,5,0.15879317,4,0.11111111,1,NA,NA
100,CATREGNTEAFF,5,0.15879317,4,0.11111111,1,NA,NA
100,CATRELNTEAFF,5,0.15879317,4,0.11111111,1,NA,NA
100,CASGDRAGSTEAFF,6,0.15879317,4,0.22222222,2,NA,NA
100,CASRKDQTGELFF,6,0.19849146,5,0.11111111,1,NA,NA
100,CASSDPRYGYTF,6,0.19849146,5,0.11111111,1,NA,NA
100,CASSHAVTGYTF,6,0.15879317,4,0.22222222,2,NA,NA
100,CASSHGQGNEQFF,6,0.15879317,4,0.22222222,2,NA,NA
100,CASSLEGQNYGYTF,6,0.19849146,5,0.11111111,1,NA,NA
100,CASSLGQPNSPLHF,6,0.03969829,1,0.55555556,5,NA,NA
100,CASSSGNYGYTF,6,0.15879317,4,0.22222222,2,NA,NA
100,CASTSAGAHNNEQFF,6,0.11909488,3,0.33333333,3,NA,NA
100,CASHIGTYYGYTF,7,0.07939659,2,0.55555556,5,NA,NA
100,CASIDRGGNTEAFF,7,0.23818976,6,0.11111111,1,NA,NA
100,CASSFTGDRNSPLHF,7,0.23818975,6,0.11111111,1,NA,NA
100,CASSLGQFGNTIYF,7,0.23818976,6,0.11111111,1,NA,NA
100,CASSQGKGQPQHF,7,0.07939659,2,0.55555556,5,NA,NA
100,CASIRPGHLDGYTF,8,0.03969829,1,0.77777778,7,NA,NA
100,CASSDPNSPLHF,8,0.27788805,7,0.11111111,1,NA,NA
100,CASSKSSGGRVTGELFF,8,0.03969829,1,0.77777778,7,NA,NA
100,CASSLDREREKLFF,8,0.23818975,6,0.22222222,2,NA,NA
100,CASSRATPTGGKGNTIYF,8,0.27788805,7,0.11111111,1,NA,NA
100,CASTDPNTEAFF,8,0.27788805,7,0.11111111,1,NA,NA
100,CAISESGGAYEQYF,9,0.19849146,5,0.44444444,4,NA,NA
100,CASSLGEGPYEQYF,9,0.03969829,1,0.88888889,8,NA,NA
100,CASSQLQGGRRNTEAFF,9,0.07939659,2,0.77777778,7,NA,NA
100,CASSRASGGRNTGELFF,9,0.23818976,6,0.33333333,3,NA,NA
100,CASSVALSVTDTQYF,10,0.27788805,7,0.33333333,3,NA,NA
100,CATLDRDGKETQYF,10,0.35728463,9,0.11111111,1,NA,NA
100,CASSLDRAAAEAFF,12,0.11909488,3,1,9,NA,NA
100,CASSLDRATGELFF,12,0.03969829,1,1.22222221,11,NA,NA
100,CSAREGQGFFSPLHF,12,0.43668122,11,0.11111111,1,NA,NA
100,CASSQVSGGRMGGYEQYF,13,0.19849146,5,0.88888889,8,NA,NA
100,CASSGTGWYGYTF,15,0.19849146,5,1.11111111,10,NA,NA
100,CASSLNLGYQPQHF,15,0.5557761,14,0.11111111,1,NA,NA
100,CASSLNTGELFF,16,0.5557761,14,0.22222222,2,NA,NA
100,CASRTTGVGGYTF,18,0.67487098,17,0.11111111,1,NA,NA
100,CASSYYRGGDSNQPQHF,19,0.71456927,18,0.11111111,1,NA,NA
100,CSARDGGRGKNYEQYF,45,1.74672489,44,0.11111111,1,NA,NA
